{"mean":{"confidence_interval":{"confidence_level":0.95,"lower_bound":-0.03271011911834471,"upper_bound":0.006421569516445125},"point_estimate":-0.013086283894306328,"standard_error":0.009998604381454347},"median":{"confidence_interval":{"confidence_level":0.95,"lower_bound":-0.03071006781857033,"upper_bound":0.00032127928679615003},"point_estimate":-0.013700244778784954,"standard_error":0.007443535192243293}}