{"mean":{"confidence_interval":{"confidence_level":0.95,"lower_bound":0.06975156141600314,"upper_bound":0.11073623976594546},"point_estimate":0.08822980830754168,"standard_error":0.010363671639342839},"median":{"confidence_interval":{"confidence_level":0.95,"lower_bound":0.04279255813944402,"upper_bound":0.11970403198070523},"point_estimate":0.05665235728906559,"standard_error":0.016458650989357348}}