{"mean":{"confidence_interval":{"confidence_level":0.95,"lower_bound":-0.14312589213989024,"upper_bound":-0.11024269688801518},"point_estimate":-0.12634289526676712,"standard_error":0.008399918786339198},"median":{"confidence_interval":{"confidence_level":0.95,"lower_bound":-0.14391610991694048,"upper_bound":-0.12018916827678316},"point_estimate":-0.13530979409896582,"standard_error":0.005649953548776308}}